,deeplinks,name
0,https://coinmarketcap.com/currencies/solana,solana
1,https://www.coingecko.com/en/coins/request-network,request-network
2,https://coinmarketcap.com/currencies/swipe,swipe
3,https://www.coingecko.com/en/coins/stp-network,stp-network
4,https://coinmarketcap.com/currencies/bytom,bytom
5,https://www.coingecko.com/en/coins/arpa-chain,arpa-chain
6,https://coinmarketcap.com/currencies/nervos-network,nervos-network
7,https://www.coingecko.com/en/coins/medibloc,medibloc
8,https://coinmarketcap.com/currencies/dxchain-token,dxchain-token
9,https://www.coingecko.com/en/coins/metaverse-etp,metaverse-etp
10,https://coinmarketcap.com/currencies/monacoin,monacoin
11,https://www.coingecko.com/en/coins/lto-network,lto-network
12,https://coinmarketcap.com/currencies/nexo,nexo
13,https://www.coingecko.com/en/coins/bella-protocol,bella-protocol
14,https://coinmarketcap.com/currencies/ampleforth,ampleforth
15,https://www.coingecko.com/en/coins/gemini-dollar,gemini-dollar
16,https://coinmarketcap.com/currencies/status,status
17,https://www.coingecko.com/en/coins/grin,grin
18,https://coinmarketcap.com/currencies/iostoken,iostoken
19,https://www.coingecko.com/en/coins/apollo,apollo
20,https://coinmarketcap.com/currencies/storj,storj
21,https://www.coingecko.com/en/coins/nebulas,nebulas
22,https://coinmarketcap.com/currencies/thorchain,thorchain
23,https://www.coingecko.com/en/coins/dforce-token,dforce-token
24,https://coinmarketcap.com/currencies/kucoin-shares,kucoin-shares
25,https://www.coingecko.com/en/coins/ergo,ergo
26,https://coinmarketcap.com/currencies/verge,verge
27,https://www.coingecko.com/en/coins/darwinia-network-native-token,darwinia-network-native-token
28,https://coinmarketcap.com/currencies/yearn-finance-ii,yearn-finance-ii
29,https://www.coingecko.com/en/coins/pirate-chain,pirate-chain
30,https://coinmarketcap.com/currencies/swissborg,swissborg
31,https://www.coingecko.com/en/coins/carry,carry
32,https://coinmarketcap.com/currencies/divi,divi
33,https://www.coingecko.com/en/coins/dragonchain,dragonchain
34,https://coinmarketcap.com/currencies/pax-gold,pax-gold
35,https://www.coingecko.com/en/coins/empty-set-dollar,empty-set-dollar
36,https://coinmarketcap.com/currencies/rlc,rlc
37,https://www.coingecko.com/en/coins/yfvalue,yfvalue
38,https://coinmarketcap.com/currencies/bancor,bancor
39,https://www.coingecko.com/en/coins/bit-z-token,bit-z-token
40,https://coinmarketcap.com/currencies/penta,penta
41,https://www.coingecko.com/en/coins/nash-exchange,nash-exchange
42,https://coinmarketcap.com/currencies/kava,kava
43,https://www.coingecko.com/en/coins/defipulse-index,defipulse-index
44,https://coinmarketcap.com/currencies/steem,steem
45,https://www.coingecko.com/en/coins/zap,zap
46,https://coinmarketcap.com/currencies/matic-network,matic-network
47,https://www.coingecko.com/en/coins/chromia,chromia
48,https://coinmarketcap.com/currencies/komodo,komodo
49,https://www.coingecko.com/en/coins/nimiq,nimiq
50,https://coinmarketcap.com/currencies/apm-coin,apm-coin
51,https://www.coingecko.com/en/coins/groestlcoin,groestlcoin
52,https://coinmarketcap.com/currencies/horizen,horizen
53,https://www.coingecko.com/en/coins/btu-protocol,btu-protocol
54,https://coinmarketcap.com/currencies/just,just
55,https://www.coingecko.com/en/coins/qash,qash
56,https://coinmarketcap.com/currencies/rsk-infrastructure-framework,rsk-infrastructure-framework
57,https://www.coingecko.com/en/coins/zenon,zenon
58,https://coinmarketcap.com/currencies/helium,helium
59,https://www.coingecko.com/en/coins/platoncoin,platoncoin
60,https://coinmarketcap.com/currencies/gnosis-gno,gnosis-gno
61,https://www.coingecko.com/en/coins/bitkan,bitkan
62,https://coinmarketcap.com/currencies/hive-blockchain,hive-blockchain
63,https://www.coingecko.com/en/coins/cream,cream
64,https://coinmarketcap.com/currencies/bitshares,bitshares
65,https://www.coingecko.com/en/coins/aergo,aergo
66,https://coinmarketcap.com/currencies/serum,serum
67,https://www.coingecko.com/en/coins/trustswap,trustswap
68,https://coinmarketcap.com/currencies/electroneum,electroneum
69,https://www.coingecko.com/en/coins/b2bx,b2bx
70,https://coinmarketcap.com/currencies/chiliz,chiliz
71,https://www.coingecko.com/en/coins/nkn,nkn
72,https://coinmarketcap.com/currencies/wax,wax
73,https://www.coingecko.com/en/coins/pnetwork,pnetwork
74,https://coinmarketcap.com/currencies/velas,velas
75,https://www.coingecko.com/en/coins/aave-usdt,aave-usdt
76,https://coinmarketcap.com/currencies/fantom,fantom
77,https://www.coingecko.com/en/coins/dune,dune
78,https://coinmarketcap.com/currencies/energi,energi
79,https://www.coingecko.com/en/coins/venus,venus
80,https://coinmarketcap.com/currencies/irisnet,irisnet
81,https://www.coingecko.com/en/coins/raiden-network,raiden-network
82,https://coinmarketcap.com/currencies/aelf,aelf
83,https://www.coingecko.com/en/coins/safe-haven,safe-haven
84,https://coinmarketcap.com/currencies/uquid-coin,uquid-coin
85,https://www.coingecko.com/en/coins/fio-protocol,fio-protocol
86,https://coinmarketcap.com/currencies/ardor,ardor
87,https://www.coingecko.com/en/coins/libratoken,libratoken
88,https://coinmarketcap.com/currencies/utrust,utrust
89,https://www.coingecko.com/en/coins/dusk-network,dusk-network
90,https://coinmarketcap.com/currencies/theta-fuel,theta-fuel
91,https://www.coingecko.com/en/coins/first-blood,first-blood
92,https://coinmarketcap.com/currencies/tomochain,tomochain
93,https://www.coingecko.com/en/coins/compound-basic-attention-token,compound-basic-attention-token
94,https://coinmarketcap.com/currencies/ankr,ankr
95,https://www.coingecko.com/en/coins/insolar,insolar
96,https://coinmarketcap.com/currencies/hypercash,hypercash
97,https://www.coingecko.com/en/coins/lbry-credits,lbry-credits
98,https://coinmarketcap.com/currencies/crypto-com,crypto-com
99,https://www.coingecko.com/en/coins/aavegotchi,aavegotchi
100,https://coinmarketcap.com/currencies/hyperion,hyperion
101,https://www.coingecko.com/en/coins/digixdao,digixdao
102,https://coinmarketcap.com/currencies/unibright,unibright
103,https://www.coingecko.com/en/coins/salt,salt
104,https://coinmarketcap.com/currencies/maidsafecoin,maidsafecoin
105,https://www.coingecko.com/en/coins/factom,factom
106,https://coinmarketcap.com/currencies/kleros,kleros
107,https://www.coingecko.com/en/coins/bounce-token,bounce-token
108,https://coinmarketcap.com/currencies/wanchain,wanchain
109,https://www.coingecko.com/en/coins/nexus,nexus
110,https://coinmarketcap.com/currencies/mxc,mxc
111,https://www.coingecko.com/en/coins/monolith,monolith
112,https://coinmarketcap.com/currencies/zcoin,zcoin
113,https://www.coingecko.com/en/coins/kadena,kadena
114,https://coinmarketcap.com/currencies/sharetoken,sharetoken
115,https://www.coingecko.com/en/coins/proximax,proximax
116,https://coinmarketcap.com/currencies/gatetoken,gatetoken
117,https://www.coingecko.com/en/coins/suku,suku
118,https://coinmarketcap.com/currencies/hxro,hxro
119,https://www.coingecko.com/en/coins/0chain,0chain
120,https://coinmarketcap.com/currencies/stratis,stratis
121,https://www.coingecko.com/en/coins/cocos-bcx,cocos-bcx
122,https://coinmarketcap.com/currencies/handshake,handshake
123,https://www.coingecko.com/en/coins/einsteinium,einsteinium
124,https://coinmarketcap.com/currencies/curve-dao-token,curve-dao-token
125,https://www.coingecko.com/en/coins/mantra-dao,mantra-dao
126,https://coinmarketcap.com/currencies/waykichain,waykichain
127,https://www.coingecko.com/en/coins/quantum-resistant-ledger,quantum-resistant-ledger
128,https://coinmarketcap.com/currencies/pundi-x,pundi-x
129,https://www.coingecko.com/en/coins/skycoin,skycoin
130,https://coinmarketcap.com/currencies/stasis-euro,stasis-euro
131,https://www.coingecko.com/en/coins/instar,instar
132,https://coinmarketcap.com/currencies/xdai,xdai
133,https://www.coingecko.com/en/coins/meta,meta
134,https://coinmarketcap.com/currencies/aurora,aurora
135,https://www.coingecko.com/en/coins/based-money,based-money
136,https://coinmarketcap.com/currencies/fetch,fetch
137,https://www.coingecko.com/en/coins/seth,seth
138,https://coinmarketcap.com/currencies/v-systems,v-systems
139,https://www.coingecko.com/en/coins/alchemy-pay,alchemy-pay
140,https://coinmarketcap.com/currencies/ark,ark
141,https://www.coingecko.com/en/coins/waltonchain,waltonchain
142,https://coinmarketcap.com/currencies/aeternity,aeternity
143,https://www.coingecko.com/en/coins/vite,vite
144,https://coinmarketcap.com/currencies/origintrail,origintrail
145,https://www.coingecko.com/en/coins/nxt,nxt
146,https://coinmarketcap.com/currencies/solve,solve
147,https://www.coingecko.com/en/coins/wings,wings
148,https://coinmarketcap.com/currencies/aion,aion
149,https://www.coingecko.com/en/coins/te-food,te-food
150,https://coinmarketcap.com/currencies/dia,dia
151,https://www.coingecko.com/en/coins/pac-global,pac-global
152,https://coinmarketcap.com/currencies/power-ledger,power-ledger
153,https://www.coingecko.com/en/coins/telcoin,telcoin
154,https://coinmarketcap.com/currencies/flexacoin,flexacoin
155,https://www.coingecko.com/en/coins/nuco-cloud,nuco-cloud
156,https://coinmarketcap.com/currencies/streamr,streamr
157,https://www.coingecko.com/en/coins/iqeon,iqeon
158,https://coinmarketcap.com/currencies/harmony,harmony
159,https://www.coingecko.com/en/coins/refereum,refereum
160,https://coinmarketcap.com/currencies/tellor,tellor
161,https://www.coingecko.com/en/coins/navcoin,navcoin
162,https://coinmarketcap.com/currencies/elastos,elastos
163,https://www.coingecko.com/en/coins/aave-mkr,aave-mkr
164,https://coinmarketcap.com/currencies/orbs,orbs
165,https://www.coingecko.com/en/coins/dmm-governance,dmm-governance
166,https://coinmarketcap.com/currencies/singularitynet,singularitynet
167,https://www.coingecko.com/en/coins/wagerr,wagerr
168,https://coinmarketcap.com/currencies/voyager-token,voyager-token
169,https://www.coingecko.com/en/coins/sai,sai
170,https://coinmarketcap.com/currencies/super-zero-protocol,super-zero-protocol
171,https://www.coingecko.com/en/coins/aave-snx,aave-snx
172,https://coinmarketcap.com/currencies/gxchain,gxchain
173,https://www.coingecko.com/en/coins/parsiq,parsiq
174,https://coinmarketcap.com/currencies/iotex,iotex
175,https://www.coingecko.com/en/coins/santiment-network-token,santiment-network-token
176,https://coinmarketcap.com/currencies/redd,redd
177,https://www.coingecko.com/en/coins/unitrade,unitrade
178,https://coinmarketcap.com/currencies/wirex-token,wirex-token
179,https://www.coingecko.com/en/coins/metronome,metronome
180,https://coinmarketcap.com/currencies/digitex-futures,digitex-futures
181,https://www.coingecko.com/en/coins/foam,foam
182,https://coinmarketcap.com/currencies/xensor,xensor
183,https://www.coingecko.com/en/coins/coinmetro,coinmetro
184,https://coinmarketcap.com/currencies/bosagora,bosagora
185,https://www.coingecko.com/en/coins/powerpool-concentrated-voting-power,powerpool-concentrated-voting-power
186,https://coinmarketcap.com/currencies/dad,dad
187,https://www.coingecko.com/en/coins/oduwa-coin,oduwa-coin
188,https://coinmarketcap.com/currencies/thunder-token,thunder-token
189,https://www.coingecko.com/en/coins/rio-defi,rio-defi
190,https://coinmarketcap.com/currencies/switcheo,switcheo
191,https://www.coingecko.com/en/coins/blocknet,blocknet
192,https://coinmarketcap.com/currencies/melon,melon
193,https://www.coingecko.com/en/coins/wing-finance,wing-finance
194,https://coinmarketcap.com/currencies/ultra,ultra
195,https://www.coingecko.com/en/coins/metahash,metahash
196,https://coinmarketcap.com/currencies/hex,hex
197,https://www.coingecko.com/en/coins/populous,populous
198,https://coinmarketcap.com/currencies/eterbase-utility-token,eterbase-utility-token
199,https://www.coingecko.com/en/coins/buysell,buysell
200,https://coinmarketcap.com/currencies/maximine-coin,maximine-coin
201,https://www.coingecko.com/en/coins/monacoin,monacoin
202,https://coinmarketcap.com/currencies/tachyon-protocol,tachyon-protocol
203,https://www.coingecko.com/en/coins/ravencoin,ravencoin
204,https://coinmarketcap.com/currencies/level01,level01
205,https://www.coingecko.com/en/coins/tether-gold,tether-gold
206,https://coinmarketcap.com/currencies/agoras-tokens,agoras-tokens
207,https://www.coingecko.com/en/coins/holo,holo
208,https://coinmarketcap.com/currencies/zbg-token,zbg-token
209,https://www.coingecko.com/en/coins/status,status
210,https://coinmarketcap.com/currencies/rchain,rchain
211,https://www.coingecko.com/en/coins/iost,iost
212,https://coinmarketcap.com/currencies/wixlar,wixlar
213,https://www.coingecko.com/en/coins/solana,solana
214,https://coinmarketcap.com/currencies/cryptaldash,cryptaldash
215,https://www.coingecko.com/en/coins/swipe,swipe
216,https://coinmarketcap.com/currencies/libra-credit,libra-credit
217,https://www.coingecko.com/en/coins/nervos-network,nervos-network
218,https://coinmarketcap.com/currencies/ecoreal-estate,ecoreal-estate
219,https://www.coingecko.com/en/coins/nexo,nexo
220,https://coinmarketcap.com/currencies/contentos,contentos
221,https://www.coingecko.com/en/coins/terra-krw,terra-krw
222,https://coinmarketcap.com/currencies/medibloc,medibloc
223,https://www.coingecko.com/en/coins/aave-old,aave-old
224,https://coinmarketcap.com/currencies/bit-z-token,bit-z-token
225,https://www.coingecko.com/en/coins/kucoin-shares,kucoin-shares
226,https://coinmarketcap.com/currencies/pirate-chain,pirate-chain
227,https://www.coingecko.com/en/coins/dfi-money,dfi-money
228,https://coinmarketcap.com/currencies/bdcc-bitica-coin,bdcc-bitica-coin
229,https://www.coingecko.com/en/coins/aave-usdc,aave-usdc
230,https://coinmarketcap.com/currencies/repo,repo
231,https://www.coingecko.com/en/coins/verge,verge
232,https://coinmarketcap.com/currencies/seele,seele
233,https://www.coingecko.com/en/coins/susd,susd
234,https://coinmarketcap.com/currencies/bella-protocol,bella-protocol
235,https://www.coingecko.com/en/coins/augur,augur
236,https://coinmarketcap.com/currencies/vertcoin,vertcoin
237,https://www.coingecko.com/en/coins/divi,divi
238,https://coinmarketcap.com/currencies/project-pai,project-pai
239,https://www.coingecko.com/en/coins/huobi-btc,huobi-btc
240,https://coinmarketcap.com/currencies/fusion,fusion
241,https://www.coingecko.com/en/coins/pax-gold,pax-gold
242,https://coinmarketcap.com/currencies/greenpower,greenpower
243,https://www.coingecko.com/en/coins/vitae,vitae
244,https://coinmarketcap.com/currencies/zap,zap
245,https://www.coingecko.com/en/coins/harvest-finance,harvest-finance
246,https://coinmarketcap.com/currencies/venus,venus
247,https://www.coingecko.com/en/coins/sushi,sushi
248,https://coinmarketcap.com/currencies/platincoin,platincoin
249,https://www.coingecko.com/en/coins/matic-network,matic-network
250,https://coinmarketcap.com/currencies/qash,qash
251,https://www.coingecko.com/en/coins/bancor-network,bancor-network
252,https://coinmarketcap.com/currencies/pancakeswap,pancakeswap
253,https://www.coingecko.com/en/coins/fantom,fantom
254,https://coinmarketcap.com/currencies/moviebloc,moviebloc
255,https://www.coingecko.com/en/coins/komodo,komodo
256,https://coinmarketcap.com/currencies/milk-alliance,milk-alliance
257,https://www.coingecko.com/en/coins/horizen,horizen
258,https://coinmarketcap.com/currencies/groestlcoin,groestlcoin
259,https://www.coingecko.com/en/coins/apm-coin,apm-coin
260,https://coinmarketcap.com/currencies/jewel,jewel
261,https://www.coingecko.com/en/coins/uquid-coin,uquid-coin
262,https://coinmarketcap.com/currencies/amo-coin,amo-coin
263,https://www.coingecko.com/en/coins/steem,steem
264,https://coinmarketcap.com/currencies/envion,envion
265,https://www.coingecko.com/en/coins/rif-token,rif-token
266,https://coinmarketcap.com/currencies/chromia,chromia
267,https://www.coingecko.com/en/coins/chiliz,chiliz
268,https://coinmarketcap.com/currencies/karatgold-coin,karatgold-coin
269,https://www.coingecko.com/en/coins/storj,storj
270,https://coinmarketcap.com/currencies/aryacoin,aryacoin
271,https://www.coingecko.com/en/coins/iexec-rlc,iexec-rlc
272,https://coinmarketcap.com/currencies/nimiq,nimiq
273,https://www.coingecko.com/en/coins/cvault-finance,cvault-finance
274,https://coinmarketcap.com/currencies/constellation,constellation
275,https://www.coingecko.com/en/coins/gnosis,gnosis
276,https://coinmarketcap.com/currencies/precium,precium
277,https://www.coingecko.com/en/coins/electroneum,electroneum
278,https://coinmarketcap.com/currencies/kin,kin
279,https://www.coingecko.com/en/coins/constellation,constellation
280,https://coinmarketcap.com/currencies/synchrobitcoin,synchrobitcoin
281,https://www.coingecko.com/en/coins/kava,kava
282,https://coinmarketcap.com/currencies/firmachain,firmachain
283,https://www.coingecko.com/en/coins/math,math
284,https://coinmarketcap.com/currencies/etherisc,etherisc
285,https://www.coingecko.com/en/coins/serum,serum
286,https://coinmarketcap.com/currencies/aergo,aergo
287,https://www.coingecko.com/en/coins/keep-network,keep-network
288,https://coinmarketcap.com/currencies/bhp-coin,bhp-coin
289,https://www.coingecko.com/en/coins/compound-0x,compound-0x
290,https://coinmarketcap.com/currencies/mvl,mvl
291,https://www.coingecko.com/en/coins/sharetoken,sharetoken
292,https://coinmarketcap.com/currencies/quantum-resistant-ledger,quantum-resistant-ledger
293,https://www.coingecko.com/en/coins/eight-hours,eight-hours
294,https://coinmarketcap.com/currencies/latoken,latoken
295,https://www.coingecko.com/en/coins/hive,hive
296,https://coinmarketcap.com/currencies/firstblood,firstblood
297,https://www.coingecko.com/en/coins/enigma,enigma
298,https://coinmarketcap.com/currencies/king-dag,king-dag
299,https://www.coingecko.com/en/coins/velas,velas
300,https://coinmarketcap.com/currencies/populous,populous
301,https://www.coingecko.com/en/coins/wax,wax
302,https://coinmarketcap.com/currencies/folgory-coin,folgory-coin
303,https://www.coingecko.com/en/coins/swissborg,swissborg
304,https://coinmarketcap.com/currencies/nexus,nexus
305,https://www.coingecko.com/en/coins/bitshares,bitshares
306,https://coinmarketcap.com/currencies/aidos-kuneen,aidos-kuneen
307,https://www.coingecko.com/en/coins/irisnet,irisnet
308,https://coinmarketcap.com/currencies/aavegotchi,aavegotchi
309,https://www.coingecko.com/en/coins/helium,helium
310,https://coinmarketcap.com/currencies/coinmetro-token,coinmetro-token
311,https://www.coingecko.com/en/coins/energi,energi
312,https://coinmarketcap.com/currencies/usdj,usdj
313,https://www.coingecko.com/en/coins/utrust,utrust
314,https://coinmarketcap.com/currencies/apix,apix
315,https://www.coingecko.com/en/coins/ardor,ardor
316,https://coinmarketcap.com/currencies/liquid-apps,liquid-apps
317,https://www.coingecko.com/en/coins/wrapped-nxm,wrapped-nxm
318,https://coinmarketcap.com/currencies/rakon,rakon
319,https://www.coingecko.com/en/coins/tomochain,tomochain
320,https://coinmarketcap.com/currencies/vidy,vidy
321,https://www.coingecko.com/en/coins/ankr-network,ankr-network
322,https://coinmarketcap.com/currencies/library-credit,library-credit
323,https://www.coingecko.com/en/coins/hypercash,hypercash
324,https://coinmarketcap.com/currencies/trustverse,trustverse
325,https://www.coingecko.com/en/coins/mco,mco
326,https://coinmarketcap.com/currencies/levolution,levolution
327,https://www.coingecko.com/en/coins/titanswap,titanswap
328,https://coinmarketcap.com/currencies/digixdao,digixdao
329,https://www.coingecko.com/en/coins/maidsafecoin,maidsafecoin
330,https://coinmarketcap.com/currencies/nkn,nkn
331,https://www.coingecko.com/en/coins/hxro,hxro
332,https://coinmarketcap.com/currencies/cocos-bcx,cocos-bcx
333,https://www.coingecko.com/en/coins/unibright,unibright
334,https://coinmarketcap.com/currencies/factom,factom
335,https://www.coingecko.com/en/coins/rocket-pool,rocket-pool
336,https://coinmarketcap.com/currencies/zenon,zenon
337,https://www.coingecko.com/en/coins/livepeer,livepeer
338,https://coinmarketcap.com/currencies/bounce-token,bounce-token
339,https://www.coingecko.com/en/coins/ark,ark
340,https://coinmarketcap.com/currencies/dmm-governance,dmm-governance
341,https://www.coingecko.com/en/coins/zb-token,zb-token
342,https://coinmarketcap.com/currencies/deviantcoin,deviantcoin
343,https://www.coingecko.com/en/coins/elf,elf
344,https://coinmarketcap.com/currencies/quarkchain,quarkchain
345,https://www.coingecko.com/en/coins/ultra,ultra
346,https://coinmarketcap.com/currencies/spectre-dividend,spectre-dividend
347,https://www.coingecko.com/en/coins/zcoin,zcoin
348,https://coinmarketcap.com/currencies/wings,wings
349,https://www.coingecko.com/en/coins/aeternity,aeternity
350,https://coinmarketcap.com/currencies/kadena,kadena
351,https://www.coingecko.com/en/coins/edgeware,edgeware
352,https://coinmarketcap.com/currencies/dusk-network,dusk-network
353,https://www.coingecko.com/en/coins/mxc,mxc
354,https://coinmarketcap.com/currencies/0chain,0chain
355,https://www.coingecko.com/en/coins/stratis,stratis
356,https://coinmarketcap.com/currencies/mixmarvel,mixmarvel
357,https://www.coingecko.com/en/coins/handshake,handshake
358,https://coinmarketcap.com/currencies/anchor,anchor
359,https://www.coingecko.com/en/coins/curve-dao-token,curve-dao-token
360,https://coinmarketcap.com/currencies/tixl,tixl
361,https://www.coingecko.com/en/coins/stasis-eurs,stasis-eurs
362,https://coinmarketcap.com/currencies/insights-network,insights-network
363,https://www.coingecko.com/en/coins/waykichain,waykichain
364,https://coinmarketcap.com/currencies/perlin,perlin
365,https://www.coingecko.com/en/coins/pundi-x,pundi-x
366,https://coinmarketcap.com/currencies/next,next
367,https://www.coingecko.com/en/coins/mstable-usd,mstable-usd
368,https://coinmarketcap.com/currencies/map-protocol,map-protocol
369,https://www.coingecko.com/en/coins/just,just
370,https://coinmarketcap.com/currencies/biki,biki
371,https://www.coingecko.com/en/coins/xdai-stake,xdai-stake
372,https://coinmarketcap.com/currencies/monolith,monolith
373,https://www.coingecko.com/en/coins/v-systems,v-systems
374,https://coinmarketcap.com/currencies/quickx-protocol,quickx-protocol
375,https://www.coingecko.com/en/coins/harmony,harmony
376,https://coinmarketcap.com/currencies/justliquidity,justliquidity
377,https://www.coingecko.com/en/coins/compound-usdt,compound-usdt
378,https://coinmarketcap.com/currencies/btse,btse
379,https://www.coingecko.com/en/coins/solve-care,solve-care
380,https://coinmarketcap.com/currencies/einsteinium,einsteinium
381,https://www.coingecko.com/en/coins/iotex,iotex
382,https://coinmarketcap.com/currencies/dimension-chain,dimension-chain
383,https://www.coingecko.com/en/coins/singularitynet,singularitynet
384,https://coinmarketcap.com/currencies/pnetwork,pnetwork
385,https://www.coingecko.com/en/coins/aion,aion
386,https://coinmarketcap.com/currencies/aax-token,aax-token
387,https://www.coingecko.com/en/coins/power-ledger,power-ledger
388,https://coinmarketcap.com/currencies/salt,salt
389,https://www.coingecko.com/en/coins/bitmax-token,bitmax-token
390,https://coinmarketcap.com/currencies/darwinia-network,darwinia-network
391,https://www.coingecko.com/en/coins/elastos,elastos
392,https://coinmarketcap.com/currencies/bitforex-token,bitforex-token
393,https://www.coingecko.com/en/coins/polymath-network,polymath-network
394,https://coinmarketcap.com/currencies/anchor-neural-world,anchor-neural-world
395,https://www.coingecko.com/en/coins/fetch-ai,fetch-ai
396,https://coinmarketcap.com/currencies/dify-finance,dify-finance
397,https://www.coingecko.com/en/coins/lambda,lambda
398,https://coinmarketcap.com/currencies/metadium,metadium
399,https://www.coingecko.com/en/coins/usdk,usdk
400,https://coinmarketcap.com/currencies/bitcoin,bitcoin
401,https://www.coingecko.com/en/coins/bitcoin,bitcoin
402,https://coinmarketcap.com/currencies/ethereum,ethereum
403,https://www.coingecko.com/en/coins/ethereum,ethereum
404,https://coinmarketcap.com/currencies/tether,tether
405,https://www.coingecko.com/en/coins/tether,tether
406,https://coinmarketcap.com/currencies/xrp,xrp
407,https://www.coingecko.com/en/coins/xrp,xrp
408,https://coinmarketcap.com/currencies/bitcoin-cash,bitcoin-cash
409,https://www.coingecko.com/en/coins/bitcoin-cash,bitcoin-cash
410,https://coinmarketcap.com/currencies/binance-coin,binance-coin
411,https://www.coingecko.com/en/coins/binance-coin,binance-coin
412,https://coinmarketcap.com/currencies/chainlink,chainlink
413,https://www.coingecko.com/en/coins/chainlink,chainlink
414,https://coinmarketcap.com/currencies/polkadot-new,polkadot-new
415,https://www.coingecko.com/en/coins/polkadot,polkadot
416,https://coinmarketcap.com/currencies/cardano,cardano
417,https://www.coingecko.com/en/coins/cardano,cardano
418,https://coinmarketcap.com/currencies/litecoin,litecoin
419,https://www.coingecko.com/en/coins/litecoin,litecoin
420,https://coinmarketcap.com/currencies/bitcoin-sv,bitcoin-sv
421,https://www.coingecko.com/en/coins/bitcoin-sv,bitcoin-sv
422,https://coinmarketcap.com/currencies/usd-coin,usd-coin
423,https://www.coingecko.com/en/coins/usd-coin,usd-coin
424,https://coinmarketcap.com/currencies/eos,eos
425,https://www.coingecko.com/en/coins/eos,eos
426,https://coinmarketcap.com/currencies/crypto-com-coin,crypto-com-coin
427,https://www.coingecko.com/en/coins/crypto-com-coin,crypto-com-coin
428,https://coinmarketcap.com/currencies/monero,monero
429,https://www.coingecko.com/en/coins/monero,monero
430,https://coinmarketcap.com/currencies/tron,tron
431,https://www.coingecko.com/en/coins/tron,tron
432,https://coinmarketcap.com/currencies/stellar,stellar
433,https://www.coingecko.com/en/coins/stellar,stellar
434,https://coinmarketcap.com/currencies/tezos,tezos
435,https://www.coingecko.com/en/coins/tezos,tezos
436,https://coinmarketcap.com/currencies/wrapped-bitcoin,wrapped-bitcoin
437,https://www.coingecko.com/en/coins/okb,okb
438,https://coinmarketcap.com/currencies/neo,neo
439,https://www.coingecko.com/en/coins/wrapped-bitcoin,wrapped-bitcoin
440,https://coinmarketcap.com/currencies/unus-sed-leo,unus-sed-leo
441,https://www.coingecko.com/en/coins/cosmos,cosmos
442,https://coinmarketcap.com/currencies/cosmos,cosmos
443,https://www.coingecko.com/en/coins/compound-dai,compound-dai
444,https://coinmarketcap.com/currencies/nem,nem
445,https://www.coingecko.com/en/coins/neo,neo
446,https://coinmarketcap.com/currencies/huobi-token,huobi-token
447,https://www.coingecko.com/en/coins/leo-token,leo-token
448,https://coinmarketcap.com/currencies/multi-collateral-dai,multi-collateral-dai
449,https://www.coingecko.com/en/coins/huobi-token,huobi-token
450,https://coinmarketcap.com/currencies/binance-usd,binance-usd
451,https://www.coingecko.com/en/coins/nem,nem
452,https://coinmarketcap.com/currencies/iota,iota
453,https://www.coingecko.com/en/coins/dai,dai
454,https://coinmarketcap.com/currencies/vechain,vechain
455,https://www.coingecko.com/en/coins/binance-usd,binance-usd
456,https://coinmarketcap.com/currencies/dash,dash
457,https://www.coingecko.com/en/coins/iota,iota
458,https://coinmarketcap.com/currencies/uniswap,uniswap
459,https://www.coingecko.com/en/coins/vechain,vechain
460,https://coinmarketcap.com/currencies/theta,theta
461,https://www.coingecko.com/en/coins/dash,dash
462,https://coinmarketcap.com/currencies/zcash,zcash
463,https://www.coingecko.com/en/coins/zcash,zcash
464,https://coinmarketcap.com/currencies/ethereum-classic,ethereum-classic
465,https://www.coingecko.com/en/coins/theta-network,theta-network
466,https://coinmarketcap.com/currencies/filecoin,filecoin
467,https://www.coingecko.com/en/coins/uniswap,uniswap
468,https://coinmarketcap.com/currencies/maker,maker
469,https://www.coingecko.com/en/coins/ethereum-classic,ethereum-classic
470,https://coinmarketcap.com/currencies/omg,omg
471,https://www.coingecko.com/en/coins/filecoin,filecoin
472,https://coinmarketcap.com/currencies/uma,uma
473,https://www.coingecko.com/en/coins/maker,maker
474,https://coinmarketcap.com/currencies/ontology,ontology
475,https://www.coingecko.com/en/coins/synthetix-network-token,synthetix-network-token
476,https://coinmarketcap.com/currencies/yearn-finance,yearn-finance
477,https://www.coingecko.com/en/coins/omg-network,omg-network
478,https://coinmarketcap.com/currencies/synthetix-network-token,synthetix-network-token
479,https://www.coingecko.com/en/coins/uma,uma
480,https://coinmarketcap.com/currencies/abbc-coin,abbc-coin
481,https://www.coingecko.com/en/coins/celsius-network-token,celsius-network-token
482,https://coinmarketcap.com/currencies/ftx-token,ftx-token
483,https://www.coingecko.com/en/coins/yearn-finance,yearn-finance
484,https://coinmarketcap.com/currencies/dogecoin,dogecoin
485,https://www.coingecko.com/en/coins/compound,compound
486,https://coinmarketcap.com/currencies/trueusd,trueusd
487,https://www.coingecko.com/en/coins/compound-ether,compound-ether
488,https://coinmarketcap.com/currencies/bittorrent,bittorrent
489,https://www.coingecko.com/en/coins/aave,aave
490,https://coinmarketcap.com/currencies/algorand,algorand
491,https://www.coingecko.com/en/coins/ontology,ontology
492,https://coinmarketcap.com/currencies/compound,compound
493,https://www.coingecko.com/en/coins/ftx-token,ftx-token
494,https://coinmarketcap.com/currencies/basic-attention-token,basic-attention-token
495,https://www.coingecko.com/en/coins/dogecoin,dogecoin
496,https://coinmarketcap.com/currencies/aave,aave
497,https://www.coingecko.com/en/coins/true-usd,true-usd
498,https://coinmarketcap.com/currencies/okb,okb
499,https://www.coingecko.com/en/coins/renbtc,renbtc
500,https://coinmarketcap.com/currencies/waves,waves
501,https://www.coingecko.com/en/coins/paxos-standard,paxos-standard
502,https://coinmarketcap.com/currencies/digibyte,digibyte
503,https://www.coingecko.com/en/coins/basic-attention-token,basic-attention-token
504,https://coinmarketcap.com/currencies/hedgetrade,hedgetrade
505,https://www.coingecko.com/en/coins/digibyte,digibyte
506,https://coinmarketcap.com/currencies/0x,0x
507,https://www.coingecko.com/en/coins/waves,waves
508,https://coinmarketcap.com/currencies/celsius,celsius
509,https://www.coingecko.com/en/coins/aave-link,aave-link
510,https://coinmarketcap.com/currencies/ren,ren
511,https://www.coingecko.com/en/coins/0x,0x
512,https://coinmarketcap.com/currencies/paxos-standard,paxos-standard
513,https://www.coingecko.com/en/coins/ren,ren
514,https://coinmarketcap.com/currencies/celo,celo
515,https://www.coingecko.com/en/coins/kusama,kusama
516,https://coinmarketcap.com/currencies/kusama,kusama
517,https://www.coingecko.com/en/coins/algorand,algorand
518,https://coinmarketcap.com/currencies/qtum,qtum
519,https://www.coingecko.com/en/coins/qtum,qtum
520,https://coinmarketcap.com/currencies/icon,icon
521,https://www.coingecko.com/en/coins/bittorrent,bittorrent
522,https://coinmarketcap.com/currencies/zilliqa,zilliqa
523,https://www.coingecko.com/en/coins/icon,icon
524,https://coinmarketcap.com/currencies/aave-old,aave-old
525,https://www.coingecko.com/en/coins/compound-usd-coin,compound-usd-coin
526,https://coinmarketcap.com/currencies/loopring,loopring
527,https://www.coingecko.com/en/coins/zilliqa,zilliqa
528,https://coinmarketcap.com/currencies/energy-web-token,energy-web-token
529,https://www.coingecko.com/en/coins/loopring,loopring
530,https://coinmarketcap.com/currencies/kyber-network,kyber-network
531,https://www.coingecko.com/en/coins/nexus-mutual,nexus-mutual
532,https://coinmarketcap.com/currencies/hedera-hashgraph,hedera-hashgraph
533,https://www.coingecko.com/en/coins/energy-web-token,energy-web-token
534,https://coinmarketcap.com/currencies/husd,husd
535,https://www.coingecko.com/en/coins/kyber-network,kyber-network
536,https://coinmarketcap.com/currencies/decred,decred
537,https://www.coingecko.com/en/coins/hedera-hashgraph,hedera-hashgraph
538,https://coinmarketcap.com/currencies/nxm,nxm
539,https://www.coingecko.com/en/coins/husd,husd
540,https://coinmarketcap.com/currencies/augur,augur
541,https://www.coingecko.com/en/coins/aave-eth,aave-eth
542,https://coinmarketcap.com/currencies/lisk,lisk
543,https://www.coingecko.com/en/coins/lisk,lisk
544,https://coinmarketcap.com/currencies/quant,quant
545,https://www.coingecko.com/en/coins/decred,decred
546,https://coinmarketcap.com/currencies/bitcoin-gold,bitcoin-gold
547,https://www.coingecko.com/en/coins/blockstack,blockstack
548,https://coinmarketcap.com/currencies/near-protocol,near-protocol
549,https://www.coingecko.com/en/coins/numeraire,numeraire
550,https://coinmarketcap.com/currencies/cybervein,cybervein
551,https://www.coingecko.com/en/coins/terra-luna,terra-luna
552,https://coinmarketcap.com/currencies/ocean-protocol,ocean-protocol
553,https://www.coingecko.com/en/coins/quant,quant
554,https://coinmarketcap.com/currencies/zb-token,zb-token
555,https://www.coingecko.com/en/coins/aave-tusd,aave-tusd
556,https://coinmarketcap.com/currencies/the-midas-touch-gold,the-midas-touch-gold
557,https://www.coingecko.com/en/coins/enjin-coin,enjin-coin
558,https://coinmarketcap.com/currencies/nano,nano
559,https://www.coingecko.com/en/coins/bitcoin-gold,bitcoin-gold
560,https://coinmarketcap.com/currencies/revain,revain
561,https://www.coingecko.com/en/coins/band-protocol,band-protocol
562,https://coinmarketcap.com/currencies/terra-luna,terra-luna
563,https://www.coingecko.com/en/coins/nano,nano
564,https://coinmarketcap.com/currencies/band-protocol,band-protocol
565,https://www.coingecko.com/en/coins/ocean-protocol,ocean-protocol
566,https://coinmarketcap.com/currencies/enjin-coin,enjin-coin
567,https://www.coingecko.com/en/coins/siacoin,siacoin
568,https://coinmarketcap.com/currencies/siacoin,siacoin
569,https://www.coingecko.com/en/coins/arweave,arweave
570,https://coinmarketcap.com/currencies/blockstack,blockstack
571,https://www.coingecko.com/en/coins/elrond,elrond
572,https://coinmarketcap.com/currencies/decentraland,decentraland
573,https://www.coingecko.com/en/coins/yusd,yusd
574,https://coinmarketcap.com/currencies/elrond-egld,elrond-egld
575,https://www.coingecko.com/en/coins/aragon,aragon
576,https://coinmarketcap.com/currencies/aragon,aragon
577,https://www.coingecko.com/en/coins/balancer,balancer
578,https://coinmarketcap.com/currencies/avalanche,avalanche
579,https://www.coingecko.com/en/coins/thorchain,thorchain
580,https://coinmarketcap.com/currencies/bitcoin-diamond,bitcoin-diamond
581,https://www.coingecko.com/en/coins/bytom,bytom
582,https://coinmarketcap.com/currencies/reserve-rights,reserve-rights
583,https://www.coingecko.com/en/coins/avalanche,avalanche
584,https://coinmarketcap.com/currencies/ravencoin,ravencoin
585,https://www.coingecko.com/en/coins/bitcoin-diamond,bitcoin-diamond
586,https://coinmarketcap.com/currencies/golem-network-tokens,golem-network-tokens
587,https://www.coingecko.com/en/coins/decentraland,decentraland
588,https://coinmarketcap.com/currencies/numeraire,numeraire
589,https://www.coingecko.com/en/coins/gatetoken,gatetoken
590,https://coinmarketcap.com/currencies/arweave,arweave
591,https://www.coingecko.com/en/coins/dxchain-token,dxchain-token
592,https://coinmarketcap.com/currencies/balancer,balancer
593,https://www.coingecko.com/en/coins/nest-protocol,nest-protocol
594,https://coinmarketcap.com/currencies/sushiswap,sushiswap
595,https://www.coingecko.com/en/coins/reserve-rights-token,reserve-rights-token
596,https://coinmarketcap.com/currencies/holo,holo
597,https://www.coingecko.com/en/coins/ampleforth,ampleforth
598,https://coinmarketcap.com/currencies/orchid,orchid
599,https://www.coingecko.com/en/coins/golem,golem
600,https://coinmarketcap.com/currencies/crpt,crpt
601,https://www.coingecko.com/en/coins/syndicate,syndicate
602,https://coinmarketcap.com/currencies/nash-exchange,nash-exchange
603,https://www.coingecko.com/en/coins/lcx,lcx
604,https://coinmarketcap.com/currencies/egoras,egoras
605,https://www.coingecko.com/en/coins/lition,lition
606,https://coinmarketcap.com/currencies/bhex-token,bhex-token
607,https://www.coingecko.com/en/coins/safe2,safe2
608,https://coinmarketcap.com/currencies/native-utility-token,native-utility-token
609,https://www.coingecko.com/en/coins/tbtc,tbtc
610,https://coinmarketcap.com/currencies/susd,susd
611,https://www.coingecko.com/en/coins/data-exchange-token,data-exchange-token
612,https://coinmarketcap.com/currencies/amp,amp
613,https://www.coingecko.com/en/coins/digitalnote,digitalnote
614,https://coinmarketcap.com/currencies/loki,loki
615,https://www.coingecko.com/en/coins/likecoin,likecoin
616,https://coinmarketcap.com/currencies/cortex,cortex
617,https://www.coingecko.com/en/coins/bip,bip
618,https://coinmarketcap.com/currencies/bigone-token,bigone-token
619,https://www.coingecko.com/en/coins/videocoin,videocoin
620,https://coinmarketcap.com/currencies/adx-net,adx-net
621,https://www.coingecko.com/en/coins/smartcash,smartcash
622,https://coinmarketcap.com/currencies/travala,travala
623,https://www.coingecko.com/en/coins/yam,yam
624,https://coinmarketcap.com/currencies/hashgard,hashgard
625,https://www.coingecko.com/en/coins/xmax,xmax
626,https://coinmarketcap.com/currencies/bytecoin-bcn,bytecoin-bcn
627,https://www.coingecko.com/en/coins/iot-chain,iot-chain
628,https://coinmarketcap.com/currencies/wazirx,wazirx
629,https://www.coingecko.com/en/coins/arcblock,arcblock
630,https://coinmarketcap.com/currencies/everipedia,everipedia
631,https://www.coingecko.com/en/coins/cherry,cherry
632,https://coinmarketcap.com/currencies/origin-protocol,origin-protocol
633,https://www.coingecko.com/en/coins/moeda-loyalty-points,moeda-loyalty-points
634,https://coinmarketcap.com/currencies/zynecoin,zynecoin
635,https://www.coingecko.com/en/coins/aave-wbtc,aave-wbtc
636,https://coinmarketcap.com/currencies/pivx,pivx
637,https://www.coingecko.com/en/coins/ieth,ieth
638,https://coinmarketcap.com/currencies/huobi-pool-token,huobi-pool-token
639,https://www.coingecko.com/en/coins/aleph-im,aleph-im
640,https://coinmarketcap.com/currencies/bora,bora
641,https://www.coingecko.com/en/coins/hycon,hycon
642,https://coinmarketcap.com/currencies/metal,metal
643,https://www.coingecko.com/en/coins/linkeye,linkeye
644,https://coinmarketcap.com/currencies/haven-protocol,haven-protocol
645,https://www.coingecko.com/en/coins/swft-blockchain,swft-blockchain
646,https://coinmarketcap.com/currencies/request,request
647,https://www.coingecko.com/en/coins/measurable-data-token,measurable-data-token
648,https://coinmarketcap.com/currencies/ripio-credit-network,ripio-credit-network
649,https://www.coingecko.com/en/coins/dxdao,dxdao
650,https://coinmarketcap.com/currencies/massnet,massnet
651,https://www.coingecko.com/en/coins/selfkey,selfkey
652,https://coinmarketcap.com/currencies/basic,basic
653,https://www.coingecko.com/en/coins/pchain,pchain
654,https://coinmarketcap.com/currencies/noia-network,noia-network
655,https://www.coingecko.com/en/coins/gochain,gochain
656,https://coinmarketcap.com/currencies/funfair,funfair
657,https://www.coingecko.com/en/coins/piedao-dough-v2,piedao-dough-v2
658,https://coinmarketcap.com/currencies/bluzelle,bluzelle
659,https://www.coingecko.com/en/coins/universa,universa
660,https://coinmarketcap.com/currencies/darcio-ecosystem-coin,darcio-ecosystem-coin
661,https://www.coingecko.com/en/coins/dmarket,dmarket
662,https://coinmarketcap.com/currencies/loom-network,loom-network
663,https://www.coingecko.com/en/coins/neblio,neblio
664,https://coinmarketcap.com/currencies/prometeus,prometeus
665,https://www.coingecko.com/en/coins/time-new-bank,time-new-bank
666,https://coinmarketcap.com/currencies/obyte,obyte
667,https://www.coingecko.com/en/coins/covesting,covesting
668,https://coinmarketcap.com/currencies/everus,everus
669,https://www.coingecko.com/en/coins/pumapay,pumapay
670,https://coinmarketcap.com/currencies/sora,sora
671,https://www.coingecko.com/en/coins/meme,meme
672,https://coinmarketcap.com/currencies/proton,proton
673,https://www.coingecko.com/en/coins/bibox-token,bibox-token
674,https://coinmarketcap.com/currencies/chainx,chainx
675,https://www.coingecko.com/en/coins/xplosive-ethereum,xplosive-ethereum
676,https://coinmarketcap.com/currencies/contracoin,contracoin
677,https://www.coingecko.com/en/coins/district0x,district0x
678,https://coinmarketcap.com/currencies/airswap,airswap
679,https://www.coingecko.com/en/coins/locktrip,locktrip
680,https://coinmarketcap.com/currencies/fnb-protocol,fnb-protocol
681,https://www.coingecko.com/en/coins/cybermiles,cybermiles
682,https://coinmarketcap.com/currencies/bitcoinhd,bitcoinhd
683,https://www.coingecko.com/en/coins/namecoin,namecoin
684,https://coinmarketcap.com/currencies/dragonchain,dragonchain
685,https://www.coingecko.com/en/coins/gifto,gifto
686,https://coinmarketcap.com/currencies/quantstamp,quantstamp
687,https://www.coingecko.com/en/coins/tenx,tenx
688,https://coinmarketcap.com/currencies/erc20,erc20
689,https://www.coingecko.com/en/coins/sentinel-protocol,sentinel-protocol
690,https://coinmarketcap.com/currencies/vidt-datalink,vidt-datalink
691,https://www.coingecko.com/en/coins/cartesi,cartesi
692,https://coinmarketcap.com/currencies/ergo,ergo
693,https://www.coingecko.com/en/coins/dos-network,dos-network
694,https://coinmarketcap.com/currencies/newscrypto,newscrypto
695,https://www.coingecko.com/en/coins/achain,achain
696,https://coinmarketcap.com/currencies/sun,sun
697,https://www.coingecko.com/en/coins/sentivate,sentivate
698,https://coinmarketcap.com/currencies/trustswap,trustswap
699,https://www.coingecko.com/en/coins/content-value-network,content-value-network
700,https://coinmarketcap.com/currencies/elamachain,elamachain
701,https://www.coingecko.com/en/coins/bitcny,bitcny
702,https://coinmarketcap.com/currencies/nebulas-token,nebulas-token
703,https://www.coingecko.com/en/coins/spankchain,spankchain
704,https://coinmarketcap.com/currencies/dent,dent
705,https://www.coingecko.com/en/coins/cnns,cnns
706,https://coinmarketcap.com/currencies/elitium,elitium
707,https://www.coingecko.com/en/coins/presearch,presearch
708,https://coinmarketcap.com/currencies/cindicator,cindicator
709,https://www.coingecko.com/en/coins/ost,ost
710,https://coinmarketcap.com/currencies/bonorum,bonorum
711,https://www.coingecko.com/en/coins/bread,bread
712,https://coinmarketcap.com/currencies/orion-protocol,orion-protocol
713,https://www.coingecko.com/en/coins/peercoin,peercoin
714,https://coinmarketcap.com/currencies/kcash,kcash
715,https://www.coingecko.com/en/coins/digix-gold,digix-gold
716,https://coinmarketcap.com/currencies/beam,beam
717,https://www.coingecko.com/en/coins/ubiq,ubiq
718,https://coinmarketcap.com/currencies/vethor-token,vethor-token
719,https://www.coingecko.com/en/coins/dynamic,dynamic
720,https://coinmarketcap.com/currencies/mainframe,mainframe
721,https://www.coingecko.com/en/coins/statera,statera
722,https://coinmarketcap.com/currencies/civic,civic
723,https://www.coingecko.com/en/coins/sirin-labs-token,sirin-labs-token
724,https://coinmarketcap.com/currencies/gleec,gleec
725,https://www.coingecko.com/en/coins/phantasma,phantasma
726,https://coinmarketcap.com/currencies/cryptobucks,cryptobucks
727,https://www.coingecko.com/en/coins/zano,zano
728,https://coinmarketcap.com/currencies/yflink,yflink
729,https://www.coingecko.com/en/coins/steem-dollars,steem-dollars
730,https://coinmarketcap.com/currencies/davinci-coin,davinci-coin
731,https://www.coingecko.com/en/coins/troy,troy
732,https://coinmarketcap.com/currencies/coti,coti
733,https://www.coingecko.com/en/coins/naga,naga
734,https://coinmarketcap.com/currencies/perpetual-protocol,perpetual-protocol
735,https://www.coingecko.com/en/coins/effect-ai,effect-ai
736,https://coinmarketcap.com/currencies/yfvalue,yfvalue
737,https://www.coingecko.com/en/coins/shroom-finance,shroom-finance
738,https://coinmarketcap.com/currencies/truechain,truechain
739,https://www.coingecko.com/en/coins/bitcoin-2,bitcoin-2
740,https://coinmarketcap.com/currencies/celer-network,celer-network
741,https://www.coingecko.com/en/coins/telos,telos
742,https://coinmarketcap.com/currencies/bzx-protocol,bzx-protocol
743,https://www.coingecko.com/en/coins/linka,linka
744,https://coinmarketcap.com/currencies/stakenet,stakenet
745,https://www.coingecko.com/en/coins/ferrum-network,ferrum-network
746,https://coinmarketcap.com/currencies/buggyra-coin-zero,buggyra-coin-zero
747,https://www.coingecko.com/en/coins/eosdt,eosdt
748,https://coinmarketcap.com/currencies/invictus-hyperion-fund,invictus-hyperion-fund
749,https://www.coingecko.com/en/coins/everex,everex
750,https://coinmarketcap.com/currencies/function-x,function-x
751,https://www.coingecko.com/en/coins/daostack,daostack
752,https://coinmarketcap.com/currencies/ignis,ignis
753,https://www.coingecko.com/en/coins/moviebloc,moviebloc
754,https://coinmarketcap.com/currencies/molecular-future,molecular-future
755,https://www.coingecko.com/en/coins/kulupu,kulupu
756,https://coinmarketcap.com/currencies/salus,salus
757,https://www.coingecko.com/en/coins/genesis-vision,genesis-vision
758,https://coinmarketcap.com/currencies/12ships,12ships
759,https://www.coingecko.com/en/coins/propy,propy
760,https://coinmarketcap.com/currencies/bloomzed-token,bloomzed-token
761,https://www.coingecko.com/en/coins/hunt,hunt
762,https://coinmarketcap.com/currencies/drep,drep
763,https://www.coingecko.com/en/coins/lamden,lamden
764,https://coinmarketcap.com/currencies/standard-tokenization-protocol,standard-tokenization-protocol
765,https://www.coingecko.com/en/coins/genaro-network,genaro-network
766,https://coinmarketcap.com/currencies/stormx,stormx
767,https://www.coingecko.com/en/coins/polis,polis
768,https://coinmarketcap.com/currencies/unobtanium,unobtanium
769,https://www.coingecko.com/en/coins/top-network,top-network
770,https://coinmarketcap.com/currencies/metaverse,metaverse
771,https://www.coingecko.com/en/coins/dock,dock
772,https://coinmarketcap.com/currencies/lto-network,lto-network
773,https://www.coingecko.com/en/coins/euno,euno
774,https://coinmarketcap.com/currencies/arpa-chain,arpa-chain
775,https://www.coingecko.com/en/coins/alpha-finance,alpha-finance
776,https://coinmarketcap.com/currencies/grin,grin
777,https://www.coingecko.com/en/coins/sport-and-leisure,sport-and-leisure
778,https://coinmarketcap.com/currencies/gemini-dollar,gemini-dollar
779,https://www.coingecko.com/en/coins/sense,sense
780,https://coinmarketcap.com/currencies/celo-dollar,celo-dollar
781,https://www.coingecko.com/en/coins/dego-finance,dego-finance
782,https://coinmarketcap.com/currencies/gas,gas
783,https://www.coingecko.com/en/coins/burst,burst
784,https://coinmarketcap.com/currencies/btu-protocol,btu-protocol
785,https://www.coingecko.com/en/coins/dero,dero
786,https://coinmarketcap.com/currencies/enigma,enigma
787,https://www.coingecko.com/en/coins/starname,starname
788,https://coinmarketcap.com/currencies/b2bx,b2bx
789,https://www.coingecko.com/en/coins/revain,revain
790,https://coinmarketcap.com/currencies/sport-and-leisure,sport-and-leisure
791,https://www.coingecko.com/en/coins/smartmesh,smartmesh
792,https://coinmarketcap.com/currencies/lambda,lambda
793,https://www.coingecko.com/en/coins/coinhe-token,coinhe-token
794,https://coinmarketcap.com/currencies/casinocoin,casinocoin
795,https://www.coingecko.com/en/coins/jarvis-reward-token,jarvis-reward-token
796,https://coinmarketcap.com/currencies/apollo-currency,apollo-currency
797,https://www.coingecko.com/en/coins/oneroot-network,oneroot-network
798,https://coinmarketcap.com/currencies/bitkan,bitkan
799,https://www.coingecko.com/en/coins/oax,oax
800,https://coinmarketcap.com/currencies/counos-x,counos-x
801,https://www.coingecko.com/en/coins/chimpion,chimpion
802,https://coinmarketcap.com/currencies/ino-coin,ino-coin
803,https://www.coingecko.com/en/coins/sero,sero
804,https://coinmarketcap.com/currencies/insight-chain,insight-chain
805,https://www.coingecko.com/en/coins/wanchain,wanchain
806,https://coinmarketcap.com/currencies/zelwin,zelwin
807,https://www.coingecko.com/en/coins/origintrail,origintrail
808,https://coinmarketcap.com/currencies/creditcoin,creditcoin
809,https://www.coingecko.com/en/coins/hyperion,hyperion
810,https://coinmarketcap.com/currencies/renbtc,renbtc
811,https://www.coingecko.com/en/coins/idex,idex
812,https://coinmarketcap.com/currencies/homeros,homeros
813,https://www.coingecko.com/en/coins/streamr-datacoin,streamr-datacoin
814,https://coinmarketcap.com/currencies/ize,ize
815,https://www.coingecko.com/en/coins/voyager-token,voyager-token
816,https://coinmarketcap.com/currencies/bitcoinpos,bitcoinpos
817,https://www.coingecko.com/en/coins/dia,dia
818,https://coinmarketcap.com/currencies/tnc-coin,tnc-coin
819,https://www.coingecko.com/en/coins/sbtc,sbtc
820,https://coinmarketcap.com/currencies/basid-coin,basid-coin
821,https://www.coingecko.com/en/coins/tellor,tellor
822,https://coinmarketcap.com/currencies/thorecoin,thorecoin
823,https://www.coingecko.com/en/coins/gxchain,gxchain
824,https://coinmarketcap.com/currencies/poseidon-network,poseidon-network
825,https://www.coingecko.com/en/coins/kleros,kleros
826,https://coinmarketcap.com/currencies/largo-coin,largo-coin
827,https://www.coingecko.com/en/coins/reddcoin,reddcoin
828,https://coinmarketcap.com/currencies/stpay,stpay
829,https://www.coingecko.com/en/coins/aave-dai,aave-dai
830,https://coinmarketcap.com/currencies/sologenic,sologenic
831,https://www.coingecko.com/en/coins/whale,whale
832,https://coinmarketcap.com/currencies/botxcoin,botxcoin
833,https://www.coingecko.com/en/coins/thundercore,thundercore
834,https://coinmarketcap.com/currencies/advanced-internet-blocks,advanced-internet-blocks
835,https://www.coingecko.com/en/coins/hashgard,hashgard
836,https://coinmarketcap.com/currencies/doctors-coin,doctors-coin
837,https://www.coingecko.com/en/coins/quarkchain,quarkchain
838,https://coinmarketcap.com/currencies/mindol,mindol
839,https://www.coingecko.com/en/coins/kardiachain,kardiachain
840,https://coinmarketcap.com/currencies/cryptonex,cryptonex
841,https://www.coingecko.com/en/coins/iocoin,iocoin
842,https://coinmarketcap.com/currencies/nest-protocol,nest-protocol
843,https://www.coingecko.com/en/coins/ultiledger,ultiledger
844,https://coinmarketcap.com/currencies/counos-coin,counos-coin
845,https://www.coingecko.com/en/coins/bosagora,bosagora
846,https://coinmarketcap.com/currencies/beldex,beldex
847,https://www.coingecko.com/en/coins/zbg_token,zbg_token
848,https://coinmarketcap.com/currencies/idea-chain-coin,idea-chain-coin
849,https://www.coingecko.com/en/coins/crdt,crdt
850,https://coinmarketcap.com/currencies/terra-krw,terra-krw
851,https://www.coingecko.com/en/coins/digitex-futures-exchange,digitex-futures-exchange
852,https://coinmarketcap.com/currencies/defichain,defichain
853,https://www.coingecko.com/en/coins/phala-network,phala-network
854,https://coinmarketcap.com/currencies/darma-cash,darma-cash
855,https://www.coingecko.com/en/coins/force-protocol,force-protocol
856,https://coinmarketcap.com/currencies/centrality,centrality
857,https://www.coingecko.com/en/coins/wom-protocol,wom-protocol
858,https://coinmarketcap.com/currencies/bitball-treasure,bitball-treasure
859,https://www.coingecko.com/en/coins/wink,wink
860,https://coinmarketcap.com/currencies/mixin,mixin
861,https://www.coingecko.com/en/coins/mx-token,mx-token
862,https://coinmarketcap.com/currencies/whitecoin,whitecoin
863,https://www.coingecko.com/en/coins/secret,secret
864,https://coinmarketcap.com/currencies/xinfin-network,xinfin-network
865,https://www.coingecko.com/en/coins/syscoin,syscoin
866,https://coinmarketcap.com/currencies/helper-search-token,helper-search-token
867,https://www.coingecko.com/en/coins/akropolis,akropolis
868,https://coinmarketcap.com/currencies/newyork-exchange,newyork-exchange
869,https://www.coingecko.com/en/coins/beowulf,beowulf
870,https://coinmarketcap.com/currencies/qcash,qcash
871,https://www.coingecko.com/en/coins/nectar-token,nectar-token
872,https://coinmarketcap.com/currencies/attila,attila
873,https://www.coingecko.com/en/coins/aurora,aurora
874,https://coinmarketcap.com/currencies/vitae,vitae
875,https://www.coingecko.com/en/coins/swag-finance,swag-finance
876,https://coinmarketcap.com/currencies/mobilian-coin,mobilian-coin
877,https://www.coingecko.com/en/coins/sand,sand
878,https://coinmarketcap.com/currencies/bitcoin-bep2,bitcoin-bep2
879,https://www.coingecko.com/en/coins/pivx,pivx
880,https://coinmarketcap.com/currencies/baer-chain,baer-chain
881,https://www.coingecko.com/en/coins/yuan-chain-coin,yuan-chain-coin
882,https://coinmarketcap.com/currencies/huobi-btc,huobi-btc
883,https://www.coingecko.com/en/coins/nuls,nuls
884,https://coinmarketcap.com/currencies/playfuel,playfuel
885,https://www.coingecko.com/en/coins/eterbase,eterbase
886,https://coinmarketcap.com/currencies/cvault-finance,cvault-finance
887,https://www.coingecko.com/en/coins/loki-network,loki-network
888,https://coinmarketcap.com/currencies/mimblewimblecoin,mimblewimblecoin
889,https://www.coingecko.com/en/coins/wazirx,wazirx
890,https://coinmarketcap.com/currencies/bitbook-gambling,bitbook-gambling
891,https://www.coingecko.com/en/coins/airswap,airswap
892,https://coinmarketcap.com/currencies/metaverse-dualchain-network-architecture,metaverse-dualchain-network-architecture
893,https://www.coingecko.com/en/coins/bytecoin,bytecoin
894,https://coinmarketcap.com/currencies/tratin,tratin
895,https://www.coingecko.com/en/coins/adex,adex
896,https://coinmarketcap.com/currencies/vestchain,vestchain
897,https://www.coingecko.com/en/coins/wirex,wirex
898,https://coinmarketcap.com/currencies/axel,axel
899,https://www.coingecko.com/en/coins/origin-protocol,origin-protocol
900,https://coinmarketcap.com/currencies/tap,tap
901,https://www.coingecko.com/en/coins/strong,strong
902,https://coinmarketcap.com/currencies/joule,joule
903,https://www.coingecko.com/en/coins/crypto20,crypto20
904,https://coinmarketcap.com/currencies/metacoin,metacoin
905,https://www.coingecko.com/en/coins/pancakeswap,pancakeswap
906,https://coinmarketcap.com/currencies/neutrino-usd,neutrino-usd
907,https://www.coingecko.com/en/coins/ripio-credit-network,ripio-credit-network
908,https://coinmarketcap.com/currencies/bankera,bankera
909,https://www.coingecko.com/en/coins/gas,gas
910,https://coinmarketcap.com/currencies/s4fe,s4fe
911,https://www.coingecko.com/en/coins/noia-network,noia-network
912,https://coinmarketcap.com/currencies/livepeer,livepeer
913,https://www.coingecko.com/en/coins/haven,haven
914,https://coinmarketcap.com/currencies/bridge-oracle,bridge-oracle
915,https://www.coingecko.com/en/coins/crypterium,crypterium
916,https://coinmarketcap.com/currencies/breezecoin,breezecoin
917,https://www.coingecko.com/en/coins/travala,travala
918,https://coinmarketcap.com/currencies/cryptoindex-com-100,cryptoindex-com-100
919,https://www.coingecko.com/en/coins/metal,metal
920,https://coinmarketcap.com/currencies/conun,conun
921,https://www.coingecko.com/en/coins/bluzelle,bluzelle
922,https://coinmarketcap.com/currencies/1irstcoin,1irstcoin
923,https://www.coingecko.com/en/coins/obyte,obyte
924,https://coinmarketcap.com/currencies/karma-eos,karma-eos
925,https://www.coingecko.com/en/coins/contentos,contentos
926,https://coinmarketcap.com/currencies/xenioscoin,xenioscoin
927,https://www.coingecko.com/en/coins/prometeus,prometeus
928,https://coinmarketcap.com/currencies/nervenetwork,nervenetwork
929,https://www.coingecko.com/en/coins/newscrypto-coin,newscrypto-coin
930,https://coinmarketcap.com/currencies/idex,idex
931,https://www.coingecko.com/en/coins/melon,melon
932,https://coinmarketcap.com/currencies/helleniccoin,helleniccoin
933,https://www.coingecko.com/en/coins/dify-finance,dify-finance
934,https://coinmarketcap.com/currencies/uni-coin,uni-coin
935,https://www.coingecko.com/en/coins/darico-ecosystem-coin,darico-ecosystem-coin
936,https://coinmarketcap.com/currencies/rocket-pool,rocket-pool
937,https://www.coingecko.com/en/coins/sora,sora
938,https://coinmarketcap.com/currencies/ultiledger,ultiledger
939,https://www.coingecko.com/en/coins/chainx,chainx
940,https://coinmarketcap.com/currencies/redfox-labs,redfox-labs
941,https://www.coingecko.com/en/coins/quantstamp,quantstamp
942,https://coinmarketcap.com/currencies/usdk,usdk
943,https://www.coingecko.com/en/coins/dent,dent
944,https://coinmarketcap.com/currencies/fabrk,fabrk
945,https://www.coingecko.com/en/coins/funfair,funfair
946,https://coinmarketcap.com/currencies/troy,troy
947,https://www.coingecko.com/en/coins/verus-coin,verus-coin
948,https://coinmarketcap.com/currencies/bitmax-token,bitmax-token
949,https://www.coingecko.com/en/coins/fusion,fusion
950,https://coinmarketcap.com/currencies/kardiachain,kardiachain
951,https://www.coingecko.com/en/coins/cindicator,cindicator
952,https://coinmarketcap.com/currencies/chimpion,chimpion
953,https://www.coingecko.com/en/coins/vethor-token,vethor-token
954,https://coinmarketcap.com/currencies/trust-wallet-token,trust-wallet-token
955,https://www.coingecko.com/en/coins/orion-protocol,orion-protocol
956,https://coinmarketcap.com/currencies/dynamic-trading-rights,dynamic-trading-rights
957,https://www.coingecko.com/en/coins/perpetual-protocol,perpetual-protocol
958,https://coinmarketcap.com/currencies/harvest-finance,harvest-finance
959,https://www.coingecko.com/en/coins/pickle-finance,pickle-finance
960,https://coinmarketcap.com/currencies/phala-network,phala-network
961,https://www.coingecko.com/en/coins/mainframe,mainframe
962,https://coinmarketcap.com/currencies/c20,c20
963,https://www.coingecko.com/en/coins/civic,civic
964,https://coinmarketcap.com/currencies/wink-tronbet,wink-tronbet
965,https://www.coingecko.com/en/coins/beam,beam
966,https://coinmarketcap.com/currencies/mx-token,mx-token
967,https://www.coingecko.com/en/coins/hegic,hegic
968,https://coinmarketcap.com/currencies/wom-protocol,wom-protocol
969,https://www.coingecko.com/en/coins/switcheo,switcheo
970,https://coinmarketcap.com/currencies/syscoin,syscoin
971,https://www.coingecko.com/en/coins/coti,coti
972,https://coinmarketcap.com/currencies/titanswap,titanswap
973,https://www.coingecko.com/en/coins/etherisc,etherisc
974,https://coinmarketcap.com/currencies/akropolis,akropolis
975,https://www.coingecko.com/en/coins/axel,axel
976,https://coinmarketcap.com/currencies/polymath-network,polymath-network
977,https://www.coingecko.com/en/coins/vidt-datalink,vidt-datalink
978,https://coinmarketcap.com/currencies/nectar,nectar
979,https://www.coingecko.com/en/coins/redfox-labs,redfox-labs
980,https://coinmarketcap.com/currencies/extstock-token,extstock-token
981,https://www.coingecko.com/en/coins/orbs,orbs
982,https://coinmarketcap.com/currencies/secret,secret
983,https://www.coingecko.com/en/coins/loom-network,loom-network
984,https://coinmarketcap.com/currencies/the-sandbox,the-sandbox
985,https://www.coingecko.com/en/coins/stakenet,stakenet
986,https://coinmarketcap.com/currencies/prizm,prizm
987,https://www.coingecko.com/en/coins/btse-token,btse-token
988,https://coinmarketcap.com/currencies/waltonchain,waltonchain
989,https://www.coingecko.com/en/coins/celer-network,celer-network
990,https://coinmarketcap.com/currencies/agavecoin,agavecoin
991,https://www.coingecko.com/en/coins/bzx-protocol,bzx-protocol
992,https://coinmarketcap.com/currencies/thorenext,thorenext
993,https://www.coingecko.com/en/coins/ignis,ignis
994,https://coinmarketcap.com/currencies/the-transfer-token,the-transfer-token
995,https://www.coingecko.com/en/coins/stormx,stormx
996,https://coinmarketcap.com/currencies/stem-cell-coin,stem-cell-coin
997,https://www.coingecko.com/en/coins/vertcoin,vertcoin
998,https://coinmarketcap.com/currencies/nuls,nuls
999,https://www.coingecko.com/en/coins/yf-link,yf-link
