,link
0,/currencies/bitcoin/
1,/currencies/ethereum/
2,/currencies/xrp/
3,/currencies/bitcoin-cash/
4,/currencies/bitcoin-sv/
5,/currencies/tether/
6,/currencies/litecoin/
7,/currencies/eos/
8,/currencies/binance-coin/
9,/currencies/cardano/
10,/currencies/ethereum-classic/
11,/currencies/tron/
12,/currencies/monero/
13,/currencies/stellar/
14,/currencies/tezos/
15,/currencies/dash/
16,/currencies/chainlink/
17,/currencies/unus-sed-leo/
18,/currencies/cosmos/
19,/currencies/neo/
20,/currencies/huobi-token/
21,/currencies/iota/
22,/currencies/hedgetrade/
23,/currencies/crypto-com-coin/
24,/currencies/zcash/
25,/currencies/maker/
26,/currencies/ontology/
27,/currencies/usd-coin/
28,/currencies/nem/
29,/currencies/basic-attention-token/
30,/currencies/vechain/
31,/currencies/dogecoin/
32,/currencies/ftx-token/
33,/currencies/paxos-standard/
34,/currencies/qtum/
35,/currencies/bitcoin-gold/
36,/currencies/decred/
37,/currencies/synthetix-network-token/
38,/currencies/augur/
39,/currencies/ravencoin/
40,/currencies/0x/
41,/currencies/trueusd/
42,/currencies/molecular-future/
43,/currencies/algorand/
44,/currencies/swipe/
45,/currencies/okb/
46,/currencies/zb-token/
47,/currencies/omisego/
48,/currencies/bitcoin-diamond/
49,/currencies/lisk/
50,/currencies/icon/
51,/currencies/multi-collateral-dai/
52,/currencies/holo/
53,/currencies/nano/
54,/currencies/kucoin-shares/
55,/currencies/horizen/
56,/currencies/monacoin/
57,/currencies/bytom/
58,/currencies/theta/
59,/currencies/waves/
60,/currencies/v-systems/
61,/currencies/nervos-network/
62,/currencies/zcoin/
63,/currencies/nexo/
64,/currencies/kick-token/
65,/currencies/crypto-com/
66,/currencies/digibyte/
67,/currencies/bittorrent/
68,/currencies/enjin-coin/
69,/currencies/komodo/
70,/currencies/seele/
71,/currencies/hypercash/
72,/currencies/centrality/
73,/currencies/siacoin/
74,/currencies/iostoken/
75,/currencies/digixdao/
76,/currencies/verge/
77,/currencies/abbc-coin/
78,/currencies/steem/
79,/currencies/bitshares/
80,/currencies/bytecoin-bcn/
81,/currencies/maidsafecoin/
82,/currencies/dxchain-token/
83,/currencies/zilliqa/
84,/currencies/terra-luna/
85,/currencies/rlc/
86,/currencies/quant/
87,/currencies/aeternity/
88,/currencies/kyber-network/
89,/currencies/rif-token/
90,/currencies/energi/
91,/currencies/matic-network/
92,/currencies/ardor/
93,/currencies/electroneum/
94,/currencies/yap-stone/
95,/currencies/blockstamp/
96,/currencies/crpt/
97,/currencies/status/
98,/currencies/golem-network-tokens/
99,/currencies/beam/
